FI,FA,HI,HA,LI,LA
0.6976615445020029,0.0003782315011859837,0.45133711997611237,7308781293562165e-23,1,0.01413821139828794
